<?xml version="1.0" encoding="UTF-8"?><font><info face="gameFont" size="32" bold="0" italic="0" charset="" unicode="1" stretchH="100" smooth="1" aa="1" padding="1,1,1,1" spacing="1,1"/><common lineHeight="32" base="32" scaleW="159" scaleH="155" pages="1" packed="0"/><pages><page id="0" file="Unnamed.png"/></pages><chars count="12"><char id="32" x="0" y="0" width="0" height="0" xoffset="0" yoffset="0" xadvance="32" page="0" chnl="15"/><!--   --><char id="48" x="0" y="0" width="40" height="40" xoffset="-5" yoffset="-5" xadvance="32" page="0" chnl="15"/><!-- 0 --><char id="49" x="123" y="0" width="36" height="40" xoffset="-1" yoffset="-5" xadvance="32" page="0" chnl="15"/><!-- 1 --><char id="50" x="0" y="41" width="40" height="40" xoffset="-5" yoffset="-5" xadvance="32" page="0" chnl="15"/><!-- 2 --><char id="51" x="0" y="82" width="40" height="40" xoffset="-5" yoffset="-5" xadvance="32" page="0" chnl="15"/><!-- 3 --><char id="52" x="41" y="0" width="40" height="40" xoffset="-5" yoffset="-5" xadvance="32" page="0" chnl="15"/><!-- 4 --><char id="53" x="41" y="41" width="40" height="40" xoffset="-5" yoffset="-5" xadvance="32" page="0" chnl="15"/><!-- 5 --><char id="54" x="41" y="82" width="40" height="40" xoffset="-5" yoffset="-5" xadvance="32" page="0" chnl="15"/><!-- 6 --><char id="55" x="82" y="0" width="40" height="40" xoffset="-5" yoffset="-5" xadvance="32" page="0" chnl="15"/><!-- 7 --><char id="56" x="82" y="41" width="40" height="40" xoffset="-5" yoffset="-5" xadvance="32" page="0" chnl="15"/><!-- 8 --><char id="57" x="82" y="82" width="40" height="40" xoffset="-5" yoffset="-5" xadvance="32" page="0" chnl="15"/><!-- 9 --><char id="120" x="0" y="123" width="40" height="32" xoffset="-5" yoffset="3" xadvance="32" page="0" chnl="15"/><!-- x --></chars></font>